playlist_id,playlist_idx
726235,0
726591,1
118165,2
118216,3
547184,4
99877,5
198206,6
996760,7
726231,8
726243,9
118086,10
99026,11
99461,12
198440,13
198904,14
996922,15
30426,16
726484,17
118782,18
99018,19
99855,20
30891,21
547551,22
99110,23
996338,24
30658,25
30812,26
99165,27
99210,28
198066,29
198216,30
726478,31
547973,32
99130,33
99438,34
99639,35
198284,36
198298,37
198426,38
30703,39
30738,40
118251,41
118737,42
99859,43
996239,44
996659,45
30528,46
99089,47
99164,48
99584,49
198698,50
198761,51
30391,52
30480,53
726258,54
547533,55
99567,56
726245,57
118904,58
99007,59
99454,60
99903,61
198018,62
198382,63
198561,64
198830,65
996950,66
30898,67
726353,68
726722,69
547545,70
99144,71
198244,72
996035,73
30165,74
547018,75
547550,76
996467,77
30371,78
30848,79
726179,80
726252,81
726621,82
118646,83
99444,84
198499,85
198726,86
30661,87
726003,88
118501,89
547365,90
198554,91
118894,92
547274,93
547325,94
547979,95
99010,96
198775,97
198912,98
996001,99
996388,100
118109,101
547543,102
547634,103
99673,104
198516,105
30237,106
30406,107
30938,108
726056,109
726062,110
118989,111
547268,112
99843,113
99963,114
198819,115
996339,116
996451,117
996917,118
996938,119
30474,120
726061,121
118244,122
118546,123
547088,124
99185,125
99497,126
198371,127
198932,128
30365,129
30541,130
30915,131
726113,132
547335,133
547515,134
99764,135
30988,136
726907,137
118332,138
118938,139
547396,140
198383,141
198742,142
198942,143
996066,144
30285,145
726999,146
547139,147
547567,148
547647,149
547734,150
198260,151
198331,152
198717,153
198909,154
996885,155
726900,156
99365,157
99847,158
30155,159
30409,160
726457,161
118629,162
198054,163
996711,164
726193,165
118743,166
547687,167
547724,168
99712,169
996042,170
996445,171
30344,172
30414,173
726603,174
118620,175
99060,176
99644,177
30616,178
30831,179
726593,180
118100,181
547606,182
99726,183
99857,184
198505,185
198834,186
996401,187
996487,188
30023,189
30647,190
726803,191
118135,192
547135,193
547444,194
99836,195
996664,196
99302,197
198596,198
198623,199
198934,200
996627,201
996643,202
726416,203
547298,204
30252,205
547525,206
99305,207
99420,208
198713,209
198769,210
996212,211
726404,212
118568,213
99190,214
99344,215
99914,216
198172,217
30018,218
30068,219
726953,220
118515,221
118703,222
547068,223
547331,224
547353,225
547681,226
547890,227
99622,228
99834,229
996702,230
30187,231
30971,232
726414,233
547754,234
99168,235
99326,236
99413,237
99457,238
99893,239
198148,240
996018,241
996649,242
726401,243
726895,244
547244,245
726501,246
118395,247
547777,248
99468,249
996554,250
30927,251
726228,252
99312,253
198905,254
198957,255
996463,256
118430,257
99406,258
99870,259
198402,260
996006,261
726212,262
726334,263
118491,264
99470,265
198992,266
30643,267
726055,268
99958,269
996417,270
30061,271
30420,272
30554,273
726018,274
726531,275
118871,276
547212,277
547997,278
99323,279
996658,280
30920,281
726318,282
99361,283
99714,284
198189,285
198595,286
198917,287
996534,288
996677,289
30097,290
726176,291
726430,292
118455,293
547582,294
198327,295
118446,296
118609,297
99396,298
99897,299
198215,300
996675,301
726222,302
726970,303
118424,304
118685,305
547477,306
996446,307
30815,308
726369,309
118351,310
118367,311
118507,312
547323,313
547523,314
198626,315
996054,316
547007,317
99125,318
99288,319
198407,320
198484,321
198521,322
30006,323
30822,324
30853,325
547064,326
198396,327
198513,328
547230,329
99079,330
996058,331
996964,332
30186,333
30468,334
726203,335
118933,336
547435,337
547590,338
198952,339
198967,340
30895,341
726652,342
118261,343
118439,344
118808,345
118825,346
99209,347
198869,348
30017,349
30459,350
118007,351
99181,352
99974,353
198309,354
30904,355
726743,356
118391,357
99095,358
198293,359
996557,360
30946,361
726791,362
726843,363
118137,364
118182,365
547316,366
198463,367
996707,368
30083,369
726238,370
726731,371
118859,372
198442,373
118505,374
118777,375
118887,376
99187,377
996706,378
30578,379
118622,380
547255,381
99694,382
996038,383
996040,384
30153,385
118466,386
547675,387
99299,388
198584,389
118440,390
118778,391
547423,392
547593,393
99910,394
198276,395
198888,396
996020,397
726120,398
99612,399
996266,400
996625,401
996634,402
726007,403
726038,404
726044,405
726373,406
118921,407
198220,408
118309,409
547356,410
547426,411
99239,412
198109,413
198222,414
198862,415
996472,416
726754,417
118813,418
547645,419
99240,420
198144,421
30767,422
99516,423
30601,424
726181,425
726542,426
547213,427
547574,428
547580,429
99306,430
99417,431
198707,432
996421,433
996870,434
726114,435
118504,436
547872,437
99230,438
99569,439
198511,440
996850,441
30493,442
726292,443
726737,444
118325,445
547181,446
547805,447
198312,448
996319,449
996708,450
726327,451
118111,452
99835,453
99994,454
198524,455
198825,456
996165,457
726288,458
118683,459
99154,460
726874,461
118223,462
547782,463
198075,464
996106,465
996736,466
726849,467
726853,468
726854,469
118365,470
996845,471
726191,472
726408,473
726949,474
118071,475
118075,476
547384,477
99217,478
99624,479
198759,480
726343,481
118103,482
118534,483
118577,484
547096,485
547558,486
547749,487
99720,488
996532,489
547025,490
547026,491
99155,492
99990,493
198249,494
996173,495
30546,496
726506,497
726930,498
118587,499
